"taxon","genus","tribe","subfamily","family","order","class"
"Iphiclides_feisthamelii","Iphiclides","Leptocircini","Papilioninae","Papilionidae","Lepidoptera","Insecta"
"Iphiclides_podalirius","Iphiclides","Leptocircini","Papilioninae","Papilionidae","Lepidoptera","Insecta"
"Papilio_alexanor","Papilio","Papilionini","Papilioninae","Papilionidae","Lepidoptera","Insecta"
"Papilio_hospiton","Papilio","Papilionini","Papilioninae","Papilionidae","Lepidoptera","Insecta"
"Papilio_machaon","Papilio","Papilionini","Papilioninae","Papilionidae","Lepidoptera","Insecta"
"Parnassius_mnemosyne","Parnassius","Parnassini","Parnassiinae","Papilionidae","Lepidoptera","Insecta"
"Parnassius_apollo","Parnassius","Parnassini","Parnassiinae","Papilionidae","Lepidoptera","Insecta"
"Parnassius_phoebus","Parnassius","Parnassini","Parnassiinae","Papilionidae","Lepidoptera","Insecta"
"Archon_apollinus","Archon","Parnassini","Parnassiinae","Papilionidae","Lepidoptera","Insecta"
"Zerynthia_rumina","Zerynthia","Zerynthini","Parnassiinae","Papilionidae","Lepidoptera","Insecta"
"Zerynthia_cassandra","Zerynthia","Zerynthini","Parnassiinae","Papilionidae","Lepidoptera","Insecta"
"Zerynthia_polyxena","Zerynthia","Zerynthini","Parnassiinae","Papilionidae","Lepidoptera","Insecta"
"Zerynthia_cretica","Zerynthia","Zerynthini","Parnassiinae","Papilionidae","Lepidoptera","Insecta"
"Zerynthia_cerisy","Zerynthia","Zerynthini","Parnassiinae","Papilionidae","Lepidoptera","Insecta"
"Zerynthia_caucasica","Zerynthia","Zerynthini","Parnassiinae","Papilionidae","Lepidoptera","Insecta"
"Heteropterus_morpheus","Heteropterus",,"Heteropterinae","Hesperiidae","Lepidoptera","Insecta"
"Carterocephalus_silvicola","Carterocephalus",,"Heteropterinae","Hesperiidae","Lepidoptera","Insecta"
"Carterocephalus_palaemon","Carterocephalus",,"Heteropterinae","Hesperiidae","Lepidoptera","Insecta"
"Borbo_borbonica","Borbo",,"Hesperiinae","Hesperiidae","Lepidoptera","Insecta"
"Pelopidas_thrax","Pelopidas",,"Hesperiinae","Hesperiidae","Lepidoptera","Insecta"
"Gegenes_nostrodamus","Gegenes",,"Hesperiinae","Hesperiidae","Lepidoptera","Insecta"
"Gegenes_pumilio","Gegenes",,"Hesperiinae","Hesperiidae","Lepidoptera","Insecta"
"Ochlodes_sylvanus","Ochlodes",,"Hesperiinae","Hesperiidae","Lepidoptera","Insecta"
"Hesperia_comma","Hesperia",,"Hesperiinae","Hesperiidae","Lepidoptera","Insecta"
"Thymelicus_christi","Thymelicus",,"Hesperiinae","Hesperiidae","Lepidoptera","Insecta"
"Thymelicus_acteon","Thymelicus",,"Hesperiinae","Hesperiidae","Lepidoptera","Insecta"
"Thymelicus_hyrax","Thymelicus",,"Hesperiinae","Hesperiidae","Lepidoptera","Insecta"
"Thymelicus_sylvestris","Thymelicus",,"Hesperiinae","Hesperiidae","Lepidoptera","Insecta"
"Thymelicus_lineola","Thymelicus",,"Hesperiinae","Hesperiidae","Lepidoptera","Insecta"
"Carcharodus_tripolinus","Carcharodus",,"Pyrginae","Hesperiidae","Lepidoptera","Insecta"
"Carcharodus_alceae","Carcharodus",,"Pyrginae","Hesperiidae","Lepidoptera","Insecta"
"Spialia_phlomidis","Spialia",,"Pyrginae","Hesperiidae","Lepidoptera","Insecta"
"Spialia_therapne","Spialia",,"Pyrginae","Hesperiidae","Lepidoptera","Insecta"
"Spialia_sertorius","Spialia",,"Pyrginae","Hesperiidae","Lepidoptera","Insecta"
"Spialia_rosae","Spialia",,"Pyrginae","Hesperiidae","Lepidoptera","Insecta"
"Spialia_orbifer","Spialia",,"Pyrginae","Hesperiidae","Lepidoptera","Insecta"
"Muschampia_cribrellum","Muschampia",,"Pyrginae","Hesperiidae","Lepidoptera","Insecta"
"Muschampia_tessellum","Muschampia",,"Pyrginae","Hesperiidae","Lepidoptera","Insecta"
"Muschampia_proto","Muschampia",,"Pyrginae","Hesperiidae","Lepidoptera","Insecta"
"Carcharodus_orientalis","Carcharodus",,"Pyrginae","Hesperiidae","Lepidoptera","Insecta"
"Carcharodus_floccifera","Carcharodus",,"Pyrginae","Hesperiidae","Lepidoptera","Insecta"
"Carcharodus_lavatherae","Carcharodus",,"Pyrginae","Hesperiidae","Lepidoptera","Insecta"
"Carcharodus_baeticus","Carcharodus",,"Pyrginae","Hesperiidae","Lepidoptera","Insecta"
"Carcharodus_stauderi","Carcharodus",,"Pyrginae","Hesperiidae","Lepidoptera","Insecta"
"Erynnis_tages","Erynnis",,"Pyrginae","Hesperiidae","Lepidoptera","Insecta"
"Erynnis_marloyi","Erynnis",,"Pyrginae","Hesperiidae","Lepidoptera","Insecta"
"Pyrgus_sidae","Pyrgus",,"Pyrginae","Hesperiidae","Lepidoptera","Insecta"
"Pyrgus_carthami","Pyrgus",,"Pyrginae","Hesperiidae","Lepidoptera","Insecta"
"Pyrgus_malvoides","Pyrgus",,"Pyrginae","Hesperiidae","Lepidoptera","Insecta"
"Pyrgus_malvae","Pyrgus",,"Pyrginae","Hesperiidae","Lepidoptera","Insecta"
"Pyrgus_andromedae","Pyrgus",,"Pyrginae","Hesperiidae","Lepidoptera","Insecta"
"Pyrgus_cacaliae","Pyrgus",,"Pyrginae","Hesperiidae","Lepidoptera","Insecta"
"Pyrgus_centaureae","Pyrgus",,"Pyrginae","Hesperiidae","Lepidoptera","Insecta"
"Pyrgus_serratulae","Pyrgus",,"Pyrginae","Hesperiidae","Lepidoptera","Insecta"
"Pyrgus_armoricanus","Pyrgus",,"Pyrginae","Hesperiidae","Lepidoptera","Insecta"
"Pyrgus_cinarae","Pyrgus",,"Pyrginae","Hesperiidae","Lepidoptera","Insecta"
"Pyrgus_cirsii","Pyrgus",,"Pyrginae","Hesperiidae","Lepidoptera","Insecta"
"Pyrgus_carlinae","Pyrgus",,"Pyrginae","Hesperiidae","Lepidoptera","Insecta"
"Pyrgus_onopordi","Pyrgus",,"Pyrginae","Hesperiidae","Lepidoptera","Insecta"
"Pyrgus_warrenensis","Pyrgus",,"Pyrginae","Hesperiidae","Lepidoptera","Insecta"
"Pyrgus_foulquieri","Pyrgus",,"Pyrginae","Hesperiidae","Lepidoptera","Insecta"
"Pyrgus_alveus","Pyrgus",,"Pyrginae","Hesperiidae","Lepidoptera","Insecta"
"Leptidea_duponcheli","Leptidea",,"Dismorphiinae","Pieridae","Lepidoptera","Insecta"
"Leptidea_morsei","Leptidea",,"Dismorphiinae","Pieridae","Lepidoptera","Insecta"
"Leptidea_juvernica","Leptidea",,"Dismorphiinae","Pieridae","Lepidoptera","Insecta"
"Leptidea_sinapis","Leptidea",,"Dismorphiinae","Pieridae","Lepidoptera","Insecta"
"Leptidea_reali","Leptidea",,"Dismorphiinae","Pieridae","Lepidoptera","Insecta"
"Gonepteryx_rhamni","Gonepteryx",,"Coliadinae","Pieridae","Lepidoptera","Insecta"
"Gonepteryx_cleobule","Gonepteryx",,"Coliadinae","Pieridae","Lepidoptera","Insecta"
"Gonepteryx_farinosa","Gonepteryx",,"Coliadinae","Pieridae","Lepidoptera","Insecta"
"Gonepteryx_cleopatra","Gonepteryx",,"Coliadinae","Pieridae","Lepidoptera","Insecta"
"Gonepteryx_maderensis","Gonepteryx",,"Coliadinae","Pieridae","Lepidoptera","Insecta"
"Catopsilia_florella","Catopsilia",,"Coliadinae","Pieridae","Lepidoptera","Insecta"
"Colias_hyale","Colias",,"Coliadinae","Pieridae","Lepidoptera","Insecta"
"Colias_alfacariensis","Colias",,"Coliadinae","Pieridae","Lepidoptera","Insecta"
"Colias_chrysotheme","Colias",,"Coliadinae","Pieridae","Lepidoptera","Insecta"
"Colias_aurorina","Colias",,"Coliadinae","Pieridae","Lepidoptera","Insecta"
"Colias_phicomone","Colias",,"Coliadinae","Pieridae","Lepidoptera","Insecta"
"Colias_erate","Colias",,"Coliadinae","Pieridae","Lepidoptera","Insecta"
"Colias_crocea","Colias",,"Coliadinae","Pieridae","Lepidoptera","Insecta"
"Colias_caucasica","Colias",,"Coliadinae","Pieridae","Lepidoptera","Insecta"
"Colias_myrmidone","Colias",,"Coliadinae","Pieridae","Lepidoptera","Insecta"
"Colias_hecla","Colias",,"Coliadinae","Pieridae","Lepidoptera","Insecta"
"Colias_palaeno","Colias",,"Coliadinae","Pieridae","Lepidoptera","Insecta"
"Colias_tyche","Colias",,"Coliadinae","Pieridae","Lepidoptera","Insecta"
"Aporia_crataegi","Aporia","Pierini","Pierinae","Pieridae","Lepidoptera","Insecta"
"Pontia_chloridice","Pontia","Pierini","Pierinae","Pieridae","Lepidoptera","Insecta"
"Pontia_callidice","Pontia","Pierini","Pierinae","Pieridae","Lepidoptera","Insecta"
"Pontia_edusa","Pontia","Pierini","Pierinae","Pieridae","Lepidoptera","Insecta"
"Pontia_daplidice","Pontia","Pierini","Pierinae","Pieridae","Lepidoptera","Insecta"
"Pieris_brassicae","Pieris","Pierini","Pierinae","Pieridae","Lepidoptera","Insecta"
"Pieris_wollastoni","Pieris","Pierini","Pierinae","Pieridae","Lepidoptera","Insecta"
"Pieris_cheiranthi","Pieris","Pierini","Pierinae","Pieridae","Lepidoptera","Insecta"
"Pieris_krueperi","Pieris","Pierini","Pierinae","Pieridae","Lepidoptera","Insecta"
"Pieris_rapae","Pieris","Pierini","Pierinae","Pieridae","Lepidoptera","Insecta"
"Pieris_mannii","Pieris","Pierini","Pierinae","Pieridae","Lepidoptera","Insecta"
"Pieris_ergane","Pieris","Pierini","Pierinae","Pieridae","Lepidoptera","Insecta"
"Pieris_bryoniae","Pieris","Pierini","Pierinae","Pieridae","Lepidoptera","Insecta"
"Pieris_napi","Pieris","Pierini","Pierinae","Pieridae","Lepidoptera","Insecta"
"Pieris_balcana","Pieris","Pierini","Pierinae","Pieridae","Lepidoptera","Insecta"
"Colotis_evagore","Colotis","Colotini","Pierinae","Pieridae","Lepidoptera","Insecta"
"Euchloe_tagis","Euchloe","Pierini","Pierinae","Pieridae","Lepidoptera","Insecta"
"Euchloe_charlonia","Euchloe","Pierini","Pierinae","Pieridae","Lepidoptera","Insecta"
"Euchloe_bazae","Euchloe","Pierini","Pierinae","Pieridae","Lepidoptera","Insecta"
"Euchloe_penia","Euchloe","Pierini","Pierinae","Pieridae","Lepidoptera","Insecta"
"Anthocharis_euphenoides","Anthocharis","Pierini","Pierinae","Pieridae","Lepidoptera","Insecta"
"Anthocharis_cardamines","Anthocharis","Pierini","Pierinae","Pieridae","Lepidoptera","Insecta"
"Anthocharis_damone","Anthocharis","Pierini","Pierinae","Pieridae","Lepidoptera","Insecta"
"Anthocharis_gruneri","Anthocharis","Pierini","Pierinae","Pieridae","Lepidoptera","Insecta"
"Zegris_eupheme","Zegris","Pierini","Pierinae","Pieridae","Lepidoptera","Insecta"
"Zegris_pyrothoe","Zegris","Pierini","Pierinae","Pieridae","Lepidoptera","Insecta"
"Euchloe_eversi","Euchloe","Pierini","Pierinae","Pieridae","Lepidoptera","Insecta"
"Euchloe_grancanariensis","Euchloe","Pierini","Pierinae","Pieridae","Lepidoptera","Insecta"
"Euchloe_hesperidum","Euchloe","Pierini","Pierinae","Pieridae","Lepidoptera","Insecta"
"Euchloe_belemia","Euchloe","Pierini","Pierinae","Pieridae","Lepidoptera","Insecta"
"Euchloe_ausonia","Euchloe","Pierini","Pierinae","Pieridae","Lepidoptera","Insecta"
"Euchloe_simplonia","Euchloe","Pierini","Pierinae","Pieridae","Lepidoptera","Insecta"
"Euchloe_insularis","Euchloe","Pierini","Pierinae","Pieridae","Lepidoptera","Insecta"
"Euchloe_crameri","Euchloe","Pierini","Pierinae","Pieridae","Lepidoptera","Insecta"
"Hamearis_lucina","Hamearis",,"Nemeobiinae","Riodinidae","Lepidoptera","Insecta"
"Cigaritis_acamas","Cigaritis",,"Aphnaeinae","Lycaenidae","Lepidoptera","Insecta"
"Lycaena_dimorpha","Lycaena",,"Lycaeninae","Lycaenidae","Lepidoptera","Insecta"
"Lycaena_phlaeas","Lycaena",,"Lycaeninae","Lycaenidae","Lepidoptera","Insecta"
"Lycaena_bleusei","Lycaena",,"Lycaeninae","Lycaenidae","Lepidoptera","Insecta"
"Lycaena_virgaureae","Lycaena",,"Lycaeninae","Lycaenidae","Lepidoptera","Insecta"
"Lycaena_ottomana","Lycaena",,"Lycaeninae","Lycaenidae","Lepidoptera","Insecta"
"Lycaena_tityrus","Lycaena",,"Lycaeninae","Lycaenidae","Lepidoptera","Insecta"
"Lycaena_helle","Lycaena",,"Lycaeninae","Lycaenidae","Lepidoptera","Insecta"
"Lycaena_alciphron","Lycaena",,"Lycaeninae","Lycaenidae","Lepidoptera","Insecta"
"Lycaena_dispar","Lycaena",,"Lycaeninae","Lycaenidae","Lepidoptera","Insecta"
"Lycaena_thetis","Lycaena",,"Lycaeninae","Lycaenidae","Lepidoptera","Insecta"
"Lycaena_thersamon","Lycaena",,"Lycaeninae","Lycaenidae","Lepidoptera","Insecta"
"Lycaena_hippothoe","Lycaena",,"Lycaeninae","Lycaenidae","Lepidoptera","Insecta"
"Lycaena_candens","Lycaena",,"Lycaeninae","Lycaenidae","Lepidoptera","Insecta"
"Laeosopis_roboris","Laeosopis","Theclini","Theclinae","Lycaenidae","Lepidoptera","Insecta"
"Thecla_betulae","Thecla","Theclini","Theclinae","Lycaenidae","Lepidoptera","Insecta"
"Favonius_quercus","Favonius","Theclini","Theclinae","Lycaenidae","Lepidoptera","Insecta"
"Tomares_ballus","Tomares","Tomarini","Theclinae","Lycaenidae","Lepidoptera","Insecta"
"Tomares_nogelii","Tomares","Tomarini","Theclinae","Lycaenidae","Lepidoptera","Insecta"
"Tomares_callimachus","Tomares","Tomarini","Theclinae","Lycaenidae","Lepidoptera","Insecta"
"Callophrys_avis","Callophrys","Eumaeini","Theclinae","Lycaenidae","Lepidoptera","Insecta"
"Callophrys_rubi","Callophrys","Eumaeini","Theclinae","Lycaenidae","Lepidoptera","Insecta"
"Callophrys_suaveola","Callophrys","Eumaeini","Theclinae","Lycaenidae","Lepidoptera","Insecta"
"Callophrys_chalybeitincta","Callophrys","Eumaeini","Theclinae","Lycaenidae","Lepidoptera","Insecta"
"Neolycaena_rhymnus","Neolycaena","Eumaeini","Theclinae","Lycaenidae","Lepidoptera","Insecta"
"Satyrium_pruni","Satyrium","Eumaeini","Theclinae","Lycaenidae","Lepidoptera","Insecta"
"Satyrium_w-album","Satyrium","Eumaeini","Theclinae","Lycaenidae","Lepidoptera","Insecta"
"Satyrium_acaciae","Satyrium","Eumaeini","Theclinae","Lycaenidae","Lepidoptera","Insecta"
"Satyrium_spini","Satyrium","Eumaeini","Theclinae","Lycaenidae","Lepidoptera","Insecta"
"Satyrium_ledereri","Satyrium","Eumaeini","Theclinae","Lycaenidae","Lepidoptera","Insecta"
"Satyrium_ilicis","Satyrium","Eumaeini","Theclinae","Lycaenidae","Lepidoptera","Insecta"
"Satyrium_esculi","Satyrium","Eumaeini","Theclinae","Lycaenidae","Lepidoptera","Insecta"
"Azanus_jesous","Azanus",,"Polyommatinae","Lycaenidae","Lepidoptera","Insecta"
"Azanus_ubaldus","Azanus",,"Polyommatinae","Lycaenidae","Lepidoptera","Insecta"
"Zizeeria_knysna","Zizeeria",,"Polyommatinae","Lycaenidae","Lepidoptera","Insecta"
"Zizeeria_karsandra","Zizeeria",,"Polyommatinae","Lycaenidae","Lepidoptera","Insecta"
"Tarucus_theophrastus","Tarucus",,"Polyommatinae","Lycaenidae","Lepidoptera","Insecta"
"Tarucus_balkanicus","Tarucus",,"Polyommatinae","Lycaenidae","Lepidoptera","Insecta"
"Celastrina_argiolus","Celastrina",,"Polyommatinae","Lycaenidae","Lepidoptera","Insecta"
"Cacyreus_marshalli","Cacyreus",,"Polyommatinae","Lycaenidae","Lepidoptera","Insecta"
"Lampides_boeticus","Lampides",,"Polyommatinae","Lycaenidae","Lepidoptera","Insecta"
"Phengaris_alcon","Phengaris",,"Polyommatinae","Lycaenidae","Lepidoptera","Insecta"
"Phengaris_arion","Phengaris",,"Polyommatinae","Lycaenidae","Lepidoptera","Insecta"
"Phengaris_teleius","Phengaris",,"Polyommatinae","Lycaenidae","Lepidoptera","Insecta"
"Phengaris_nausithous","Phengaris",,"Polyommatinae","Lycaenidae","Lepidoptera","Insecta"
"Scolitantides_orion","Scolitantides",,"Polyommatinae","Lycaenidae","Lepidoptera","Insecta"
"Praephilotes_anthracias","Praephilotes",,"Polyommatinae","Lycaenidae","Lepidoptera","Insecta"
"Iolana_iolas","Iolana",,"Polyommatinae","Lycaenidae","Lepidoptera","Insecta"
"Iolana_debilitata","Iolana",,"Polyommatinae","Lycaenidae","Lepidoptera","Insecta"
"Glaucopsyche_melanops","Glaucopsyche",,"Polyommatinae","Lycaenidae","Lepidoptera","Insecta"
"Glaucopsyche_alexis","Glaucopsyche",,"Polyommatinae","Lycaenidae","Lepidoptera","Insecta"
"Glaucopsyche_paphos","Glaucopsyche",,"Polyommatinae","Lycaenidae","Lepidoptera","Insecta"
"Turanana_taygetica","Turanana",,"Polyommatinae","Lycaenidae","Lepidoptera","Insecta"
"Pseudophilotes_bavius","Pseudophilotes",,"Polyommatinae","Lycaenidae","Lepidoptera","Insecta"
"Pseudophilotes_barbagiae","Pseudophilotes",,"Polyommatinae","Lycaenidae","Lepidoptera","Insecta"
"Pseudophilotes_abencerragus","Pseudophilotes",,"Polyommatinae","Lycaenidae","Lepidoptera","Insecta"
"Pseudophilotes_panoptes","Pseudophilotes",,"Polyommatinae","Lycaenidae","Lepidoptera","Insecta"
"Pseudophilotes_baton","Pseudophilotes",,"Polyommatinae","Lycaenidae","Lepidoptera","Insecta"
"Pseudophilotes_vicrama","Pseudophilotes",,"Polyommatinae","Lycaenidae","Lepidoptera","Insecta"
"Leptotes_pirithous","Leptotes",,"Polyommatinae","Lycaenidae","Lepidoptera","Insecta"
"Cyclyrius_webbianus","Cyclyrius",,"Polyommatinae","Lycaenidae","Lepidoptera","Insecta"
"Tongeia_fischeri","Tongeia",,"Polyommatinae","Lycaenidae","Lepidoptera","Insecta"
"Cupido_argiades","Cupido",,"Polyommatinae","Lycaenidae","Lepidoptera","Insecta"
"Cupido_decoloratus","Cupido",,"Polyommatinae","Lycaenidae","Lepidoptera","Insecta"
"Cupido_alcetas","Cupido",,"Polyommatinae","Lycaenidae","Lepidoptera","Insecta"
"Cupido_osiris","Cupido",,"Polyommatinae","Lycaenidae","Lepidoptera","Insecta"
"Cupido_minimus","Cupido",,"Polyommatinae","Lycaenidae","Lepidoptera","Insecta"
"Cupido_lorquinii","Cupido",,"Polyommatinae","Lycaenidae","Lepidoptera","Insecta"
"Luthrodes_galba","Luthrodes",,"Polyommatinae","Lycaenidae","Lepidoptera","Insecta"
"Freyeria_trochylus","Freyeria",,"Polyommatinae","Lycaenidae","Lepidoptera","Insecta"
"Plebejus_argus","Plebejus",,"Polyommatinae","Lycaenidae","Lepidoptera","Insecta"
"Plebejus_idas","Plebejus",,"Polyommatinae","Lycaenidae","Lepidoptera","Insecta"
"Plebejus_bellieri","Plebejus",,"Polyommatinae","Lycaenidae","Lepidoptera","Insecta"
"Plebejus_argyrognomon","Plebejus",,"Polyommatinae","Lycaenidae","Lepidoptera","Insecta"
"Plebejidea_loewii","Plebejidea",,"Polyommatinae","Lycaenidae","Lepidoptera","Insecta"
"Eumedonia_eumedon","Eumedonia",,"Polyommatinae","Lycaenidae","Lepidoptera","Insecta"
"Kretania_eurypilus","Kretania",,"Polyommatinae","Lycaenidae","Lepidoptera","Insecta"
"Kretania_hesperica","Kretania",,"Polyommatinae","Lycaenidae","Lepidoptera","Insecta"
"Kretania_trappi","Kretania",,"Polyommatinae","Lycaenidae","Lepidoptera","Insecta"
"Kretania_sephirus","Kretania",,"Polyommatinae","Lycaenidae","Lepidoptera","Insecta"
"Kretania_pylaon","Kretania",,"Polyommatinae","Lycaenidae","Lepidoptera","Insecta"
"Cyaniris_semiargus","Cyaniris",,"Polyommatinae","Lycaenidae","Lepidoptera","Insecta"
"Agriades_optilete","Agriades",,"Polyommatinae","Lycaenidae","Lepidoptera","Insecta"
"Kretania_psylorita","Kretania",,"Polyommatinae","Lycaenidae","Lepidoptera","Insecta"
"Agriades_orbitulus","Agriades",,"Polyommatinae","Lycaenidae","Lepidoptera","Insecta"
"Agriades_dardanus","Agriades",,"Polyommatinae","Lycaenidae","Lepidoptera","Insecta"
"Agriades_pyrenaicus","Agriades",,"Polyommatinae","Lycaenidae","Lepidoptera","Insecta"
"Agriades_zullichi","Agriades",,"Polyommatinae","Lycaenidae","Lepidoptera","Insecta"
"Agriades_aquilo","Agriades",,"Polyommatinae","Lycaenidae","Lepidoptera","Insecta"
"Agriades_glandon","Agriades",,"Polyommatinae","Lycaenidae","Lepidoptera","Insecta"
"Glabroculus_cyane","Glabroculus",,,,,
"Aricia_morronensis","Aricia",,"Polyommatinae","Lycaenidae","Lepidoptera","Insecta"
"Aricia_anteros","Aricia",,"Polyommatinae","Lycaenidae","Lepidoptera","Insecta"
"Aricia_cramera","Aricia",,"Polyommatinae","Lycaenidae","Lepidoptera","Insecta"
"Aricia_nicias","Aricia",,"Polyommatinae","Lycaenidae","Lepidoptera","Insecta"
"Aricia_artaxerxes","Aricia",,"Polyommatinae","Lycaenidae","Lepidoptera","Insecta"
"Aricia_montensis","Aricia",,"Polyommatinae","Lycaenidae","Lepidoptera","Insecta"
"Aricia_agestis","Aricia",,"Polyommatinae","Lycaenidae","Lepidoptera","Insecta"
"Neolysandra_coelestina","Neolysandra",,"Polyommatinae","Lycaenidae","Lepidoptera","Insecta"
"Lysandra_bellargus","Lysandra",,"Polyommatinae","Lycaenidae","Lepidoptera","Insecta"
"Lysandra_corydonius","Lysandra",,"Polyommatinae","Lycaenidae","Lepidoptera","Insecta"
"Lysandra_coridon","Lysandra",,"Polyommatinae","Lycaenidae","Lepidoptera","Insecta"
"Lysandra_caelestissima","Lysandra",,"Polyommatinae","Lycaenidae","Lepidoptera","Insecta"
"Lysandra_hispana","Lysandra",,"Polyommatinae","Lycaenidae","Lepidoptera","Insecta"
"Lysandra_albicans","Lysandra",,"Polyommatinae","Lycaenidae","Lepidoptera","Insecta"
"Polyommatus_escheri","Polyommatus",,"Polyommatinae","Lycaenidae","Lepidoptera","Insecta"
"Polyommatus_thersites","Polyommatus",,"Polyommatinae","Lycaenidae","Lepidoptera","Insecta"
"Polyommatus_amandus","Polyommatus",,"Polyommatinae","Lycaenidae","Lepidoptera","Insecta"
"Polyommatus_daphnis","Polyommatus",,"Polyommatinae","Lycaenidae","Lepidoptera","Insecta"
"Polyommatus_icarus","Polyommatus",,"Polyommatinae","Lycaenidae","Lepidoptera","Insecta"
"Polyommatus_eros","Polyommatus",,"Polyommatinae","Lycaenidae","Lepidoptera","Insecta"
"Polyommatus_celina","Polyommatus",,"Polyommatinae","Lycaenidae","Lepidoptera","Insecta"
"Polyommatus_nivescens","Polyommatus",,"Polyommatinae","Lycaenidae","Lepidoptera","Insecta"
"Polyommatus_dorylas","Polyommatus",,"Polyommatinae","Lycaenidae","Lepidoptera","Insecta"
"Polyommatus_golgus","Polyommatus",,"Polyommatinae","Lycaenidae","Lepidoptera","Insecta"
"Polyommatus_damon","Polyommatus",,"Polyommatinae","Lycaenidae","Lepidoptera","Insecta"
"Polyommatus_iphigenia","Polyommatus",,"Polyommatinae","Lycaenidae","Lepidoptera","Insecta"
"Polyommatus_damocles","Polyommatus",,"Polyommatinae","Lycaenidae","Lepidoptera","Insecta"
"Polyommatus_admetus","Polyommatus",,"Polyommatinae","Lycaenidae","Lepidoptera","Insecta"
"Polyommatus_nephohiptamenos","Polyommatus",,"Polyommatinae","Lycaenidae","Lepidoptera","Insecta"
"Polyommatus_ripartii","Polyommatus",,"Polyommatinae","Lycaenidae","Lepidoptera","Insecta"
"Polyommatus_damone","Polyommatus",,"Polyommatinae","Lycaenidae","Lepidoptera","Insecta"
"Polyommatus_violetae","Polyommatus",,"Polyommatinae","Lycaenidae","Lepidoptera","Insecta"
"Polyommatus_fulgens","Polyommatus",,"Polyommatinae","Lycaenidae","Lepidoptera","Insecta"
"Polyommatus_fabressei","Polyommatus",,"Polyommatinae","Lycaenidae","Lepidoptera","Insecta"
"Polyommatus_dolus","Polyommatus",,"Polyommatinae","Lycaenidae","Lepidoptera","Insecta"
"Polyommatus_humedasae","Polyommatus",,"Polyommatinae","Lycaenidae","Lepidoptera","Insecta"
"Polyommatus_orphicus","Polyommatus",,"Polyommatinae","Lycaenidae","Lepidoptera","Insecta"
"Polyommatus_aroaniensis","Polyommatus",,"Polyommatinae","Lycaenidae","Lepidoptera","Insecta"
"Polyommatus_timfristos","Polyommatus",,"Polyommatinae","Lycaenidae","Lepidoptera","Insecta"
"Neptis_rivularis","Neptis","Neptini","Limenitidinae","Nymphalidae","Lepidoptera","Insecta"
"Neptis_sappho","Neptis","Neptini","Limenitidinae","Nymphalidae","Lepidoptera","Insecta"
"Limenitis_populi","Limenitis","Limenitidini","Limenitidinae","Nymphalidae","Lepidoptera","Insecta"
"Limenitis_reducta","Limenitis","Limenitidini","Limenitidinae","Nymphalidae","Lepidoptera","Insecta"
"Limenitis_camilla","Limenitis","Limenitidini","Limenitidinae","Nymphalidae","Lepidoptera","Insecta"
"Issoria_eugenia","Issoria","Argynnini","Heliconiinae","Nymphalidae","Lepidoptera","Insecta"
"Issoria_lathonia","Issoria","Argynnini","Heliconiinae","Nymphalidae","Lepidoptera","Insecta"
"Brenthis_hecate","Brenthis","Argynnini","Heliconiinae","Nymphalidae","Lepidoptera","Insecta"
"Brenthis_daphne","Brenthis","Argynnini","Heliconiinae","Nymphalidae","Lepidoptera","Insecta"
"Brenthis_ino","Brenthis","Argynnini","Heliconiinae","Nymphalidae","Lepidoptera","Insecta"
"Argynnis_pandora","Argynnis","Argynnini","Heliconiinae","Nymphalidae","Lepidoptera","Insecta"
"Argynnis_paphia","Argynnis","Argynnini","Heliconiinae","Nymphalidae","Lepidoptera","Insecta"
"Argynnis_laodice","Argynnis","Argynnini","Heliconiinae","Nymphalidae","Lepidoptera","Insecta"
"Speyeria_aglaja","Speyeria","Argynnini","Heliconiinae","Nymphalidae","Lepidoptera","Insecta"
"Fabriciana_adippe","Fabriciana","Argynnini","Heliconiinae","Nymphalidae","Lepidoptera","Insecta"
"Fabriciana_elisa","Fabriciana","Argynnini","Heliconiinae","Nymphalidae","Lepidoptera","Insecta"
"Fabriciana_niobe","Fabriciana","Argynnini","Heliconiinae","Nymphalidae","Lepidoptera","Insecta"
"Boloria_eunomia","Boloria","Argynnini","Heliconiinae","Nymphalidae","Lepidoptera","Insecta"
"Boloria_graeca","Boloria","Argynnini","Heliconiinae","Nymphalidae","Lepidoptera","Insecta"
"Boloria_pales","Boloria","Argynnini","Heliconiinae","Nymphalidae","Lepidoptera","Insecta"
"Boloria_napaea","Boloria","Argynnini","Heliconiinae","Nymphalidae","Lepidoptera","Insecta"
"Boloria_aquilonaris","Boloria","Argynnini","Heliconiinae","Nymphalidae","Lepidoptera","Insecta"
"Boloria_alaskensis","Boloria","Argynnini","Heliconiinae","Nymphalidae","Lepidoptera","Insecta"
"Boloria_polaris","Boloria","Argynnini","Heliconiinae","Nymphalidae","Lepidoptera","Insecta"
"Boloria_tritonia","Boloria","Argynnini","Heliconiinae","Nymphalidae","Lepidoptera","Insecta"
"Boloria_frigga","Boloria","Argynnini","Heliconiinae","Nymphalidae","Lepidoptera","Insecta"
"Boloria_improba","Boloria","Argynnini","Heliconiinae","Nymphalidae","Lepidoptera","Insecta"
"Boloria_selene","Boloria","Argynnini","Heliconiinae","Nymphalidae","Lepidoptera","Insecta"
"Boloria_thore","Boloria","Argynnini","Heliconiinae","Nymphalidae","Lepidoptera","Insecta"
"Boloria_dia","Boloria","Argynnini","Heliconiinae","Nymphalidae","Lepidoptera","Insecta"
"Boloria_freija","Boloria","Argynnini","Heliconiinae","Nymphalidae","Lepidoptera","Insecta"
"Boloria_euphrosyne","Boloria","Argynnini","Heliconiinae","Nymphalidae","Lepidoptera","Insecta"
"Boloria_oscarus","Boloria","Argynnini","Heliconiinae","Nymphalidae","Lepidoptera","Insecta"
"Boloria_selenis","Boloria","Argynnini","Heliconiinae","Nymphalidae","Lepidoptera","Insecta"
"Boloria_titania","Boloria","Argynnini","Heliconiinae","Nymphalidae","Lepidoptera","Insecta"
"Boloria_chariclea","Boloria","Argynnini","Heliconiinae","Nymphalidae","Lepidoptera","Insecta"
"Boloria_angarensis","Boloria","Argynnini","Heliconiinae","Nymphalidae","Lepidoptera","Insecta"
"Apatura_iris","Apatura",,"Apaturinae","Nymphalidae","Lepidoptera","Insecta"
"Apatura_metis","Apatura",,"Apaturinae","Nymphalidae","Lepidoptera","Insecta"
"Apatura_ilia","Apatura",,"Apaturinae","Nymphalidae","Lepidoptera","Insecta"
"Araschnia_levana","Araschnia","Nymphalini","Nymphalinae","Nymphalidae","Lepidoptera","Insecta"
"Vanessa_cardui","Vanessa","Nymphalini","Nymphalinae","Nymphalidae","Lepidoptera","Insecta"
"Vanessa_virginiensis","Vanessa","Nymphalini","Nymphalinae","Nymphalidae","Lepidoptera","Insecta"
"Vanessa_vulcania","Vanessa","Nymphalini","Nymphalinae","Nymphalidae","Lepidoptera","Insecta"
"Vanessa_atalanta","Vanessa","Nymphalini","Nymphalinae","Nymphalidae","Lepidoptera","Insecta"
"Aglais_io","Aglais","Nymphalini","Nymphalinae","Nymphalidae","Lepidoptera","Insecta"
"Aglais_urticae","Aglais","Nymphalini","Nymphalinae","Nymphalidae","Lepidoptera","Insecta"
"Aglais_ichnusa","Aglais","Nymphalini","Nymphalinae","Nymphalidae","Lepidoptera","Insecta"
"Polygonia_egea","Polygonia","Nymphalini","Nymphalinae","Nymphalidae","Lepidoptera","Insecta"
"Polygonia_c-album","Polygonia","Nymphalini","Nymphalinae","Nymphalidae","Lepidoptera","Insecta"
"Nymphalis_vaualbum","Nymphalis","Nymphalini","Nymphalinae","Nymphalidae","Lepidoptera","Insecta"
"Nymphalis_polychloros","Nymphalis","Nymphalini","Nymphalinae","Nymphalidae","Lepidoptera","Insecta"
"Nymphalis_xanthomelas","Nymphalis","Nymphalini","Nymphalinae","Nymphalidae","Lepidoptera","Insecta"
"Nymphalis_antiopa","Nymphalis","Nymphalini","Nymphalinae","Nymphalidae","Lepidoptera","Insecta"
"Hypolimnas_misippus","Hypolimnas","Junoniini","Nymphalinae","Nymphalidae","Lepidoptera","Insecta"
"Euphydryas_desfontainii","Euphydryas","Melitaeini","Nymphalinae","Nymphalidae","Lepidoptera","Insecta"
"Euphydryas_aurinia","Euphydryas","Melitaeini","Nymphalinae","Nymphalidae","Lepidoptera","Insecta"
"Euphydryas_cynthia","Euphydryas","Melitaeini","Nymphalinae","Nymphalidae","Lepidoptera","Insecta"
"Euphydryas_iduna","Euphydryas","Melitaeini","Nymphalinae","Nymphalidae","Lepidoptera","Insecta"
"Euphydryas_intermedia","Euphydryas","Melitaeini","Nymphalinae","Nymphalidae","Lepidoptera","Insecta"
"Euphydryas_maturna","Euphydryas","Melitaeini","Nymphalinae","Nymphalidae","Lepidoptera","Insecta"
"Melitaea_didyma","Melitaea","Melitaeini","Nymphalinae","Nymphalidae","Lepidoptera","Insecta"
"Melitaea_trivia","Melitaea","Melitaeini","Nymphalinae","Nymphalidae","Lepidoptera","Insecta"
"Melitaea_arduinna","Melitaea","Melitaeini","Nymphalinae","Nymphalidae","Lepidoptera","Insecta"
"Melitaea_aetherie","Melitaea","Melitaeini","Nymphalinae","Nymphalidae","Lepidoptera","Insecta"
"Melitaea_ornata","Melitaea","Melitaeini","Nymphalinae","Nymphalidae","Lepidoptera","Insecta"
"Melitaea_phoebe","Melitaea","Melitaeini","Nymphalinae","Nymphalidae","Lepidoptera","Insecta"
"Melitaea_cinxia","Melitaea","Melitaeini","Nymphalinae","Nymphalidae","Lepidoptera","Insecta"
"Melitaea_diamina","Melitaea","Melitaeini","Nymphalinae","Nymphalidae","Lepidoptera","Insecta"
"Melitaea_asteria","Melitaea","Melitaeini","Nymphalinae","Nymphalidae","Lepidoptera","Insecta"
"Melitaea_aurelia","Melitaea","Melitaeini","Nymphalinae","Nymphalidae","Lepidoptera","Insecta"
"Melitaea_varia","Melitaea","Melitaeini","Nymphalinae","Nymphalidae","Lepidoptera","Insecta"
"Melitaea_parthenoides","Melitaea","Melitaeini","Nymphalinae","Nymphalidae","Lepidoptera","Insecta"
"Melitaea_deione","Melitaea","Melitaeini","Nymphalinae","Nymphalidae","Lepidoptera","Insecta"
"Melitaea_celadussa","Melitaea","Melitaeini","Nymphalinae","Nymphalidae","Lepidoptera","Insecta"
"Melitaea_athalia","Melitaea","Melitaeini","Nymphalinae","Nymphalidae","Lepidoptera","Insecta"
"Melitaea_britomartis","Melitaea","Melitaeini","Nymphalinae","Nymphalidae","Lepidoptera","Insecta"
"Libythea_celtis","Libythea",,"Libytheinae","Nymphalidae","Lepidoptera","Insecta"
"Danaus_plexippus","Danaus","Danaini","Danainae","Nymphalidae","Lepidoptera","Insecta"
"Danaus_chrysippus","Danaus","Danaini","Danainae","Nymphalidae","Lepidoptera","Insecta"
"Charaxes_jasius","Charaxes","Charaxini","Charaxinae","Nymphalidae","Lepidoptera","Insecta"
"Lasiommata_maera","Lasiommata","Satyrini","Satyrinae","Nymphalidae","Lepidoptera","Insecta"
"Lasiommata_deidamia","Lasiommata","Satyrini","Satyrinae","Nymphalidae","Lepidoptera","Insecta"
"Lasiommata_petropolitana","Lasiommata","Satyrini","Satyrinae","Nymphalidae","Lepidoptera","Insecta"
"Lasiommata_paramegaera","Lasiommata","Satyrini","Satyrinae","Nymphalidae","Lepidoptera","Insecta"
"Lasiommata_megera","Lasiommata","Satyrini","Satyrinae","Nymphalidae","Lepidoptera","Insecta"
"Pararge_xiphia","Pararge","Satyrini","Satyrinae","Nymphalidae","Lepidoptera","Insecta"
"Pararge_xiphioides","Pararge","Satyrini","Satyrinae","Nymphalidae","Lepidoptera","Insecta"
"Pararge_aegeria","Pararge","Satyrini","Satyrinae","Nymphalidae","Lepidoptera","Insecta"
"Lopinga_achine","Lopinga","Satyrini","Satyrinae","Nymphalidae","Lepidoptera","Insecta"
"Kirinia_climene","Kirinia","Satyrini","Satyrinae","Nymphalidae","Lepidoptera","Insecta"
"Kirinia_roxelana","Kirinia","Satyrini","Satyrinae","Nymphalidae","Lepidoptera","Insecta"
"Coenonympha_phryne","Coenonympha","Satyrini","Satyrinae","Nymphalidae","Lepidoptera","Insecta"
"Coenonympha_oedippus","Coenonympha","Satyrini","Satyrinae","Nymphalidae","Lepidoptera","Insecta"
"Coenonympha_glycerion","Coenonympha","Satyrini","Satyrinae","Nymphalidae","Lepidoptera","Insecta"
"Coenonympha_thyrsis","Coenonympha","Satyrini","Satyrinae","Nymphalidae","Lepidoptera","Insecta"
"Coenonympha_pamphilus","Coenonympha","Satyrini","Satyrinae","Nymphalidae","Lepidoptera","Insecta"
"Coenonympha_tullia","Coenonympha","Satyrini","Satyrinae","Nymphalidae","Lepidoptera","Insecta"
"Coenonympha_amaryllis","Coenonympha","Satyrini","Satyrinae","Nymphalidae","Lepidoptera","Insecta"
"Coenonympha_rhodopensis","Coenonympha","Satyrini","Satyrinae","Nymphalidae","Lepidoptera","Insecta"
"Coenonympha_dorus","Coenonympha","Satyrini","Satyrinae","Nymphalidae","Lepidoptera","Insecta"
"Coenonympha_corinna","Coenonympha","Satyrini","Satyrinae","Nymphalidae","Lepidoptera","Insecta"
"Coenonympha_hero","Coenonympha","Satyrini","Satyrinae","Nymphalidae","Lepidoptera","Insecta"
"Coenonympha_leander","Coenonympha","Satyrini","Satyrinae","Nymphalidae","Lepidoptera","Insecta"
"Coenonympha_gardetta","Coenonympha","Satyrini","Satyrinae","Nymphalidae","Lepidoptera","Insecta"
"Coenonympha_arcania","Coenonympha","Satyrini","Satyrinae","Nymphalidae","Lepidoptera","Insecta"
"Coenonympha_orientalis","Coenonympha","Satyrini","Satyrinae","Nymphalidae","Lepidoptera","Insecta"
"Proterebia_phegea","Proterebia","Erebiini","Satyrinae","Nymphalidae","Lepidoptera","Insecta"
"Ypthima_asterope","Ypthima","Ypthimini","Satyrinae","Nymphalidae","Lepidoptera","Insecta"
"Melanargia_arge","Melanargia","Satyrini","Satyrinae","Nymphalidae","Lepidoptera","Insecta"
"Melanargia_occitanica","Melanargia","Satyrini","Satyrinae","Nymphalidae","Lepidoptera","Insecta"
"Melanargia_pherusa","Melanargia","Satyrini","Satyrinae","Nymphalidae","Lepidoptera","Insecta"
"Melanargia_ines","Melanargia","Satyrini","Satyrinae","Nymphalidae","Lepidoptera","Insecta"
"Melanargia_russiae","Melanargia","Satyrini","Satyrinae","Nymphalidae","Lepidoptera","Insecta"
"Melanargia_larissa","Melanargia","Satyrini","Satyrinae","Nymphalidae","Lepidoptera","Insecta"
"Melanargia_lachesis","Melanargia","Satyrini","Satyrinae","Nymphalidae","Lepidoptera","Insecta"
"Melanargia_galathea","Melanargia","Satyrini","Satyrinae","Nymphalidae","Lepidoptera","Insecta"
"Oeneis_tarpeia","Oeneis","Satyrini","Satyrinae","Nymphalidae","Lepidoptera","Insecta"
"Oeneis_bore","Oeneis","Satyrini","Satyrinae","Nymphalidae","Lepidoptera","Insecta"
"Oeneis_ammon","Oeneis","Satyrini","Satyrinae","Nymphalidae","Lepidoptera","Insecta"
"Oeneis_melissa","Oeneis","Satyrini","Satyrinae","Nymphalidae","Lepidoptera","Insecta"
"Oeneis_jutta","Oeneis","Satyrini","Satyrinae","Nymphalidae","Lepidoptera","Insecta"
"Oeneis_magna","Oeneis","Satyrini","Satyrinae","Nymphalidae","Lepidoptera","Insecta"
"Oeneis_norna","Oeneis","Satyrini","Satyrinae","Nymphalidae","Lepidoptera","Insecta"
"Oeneis_polixenes","Oeneis","Satyrini","Satyrinae","Nymphalidae","Lepidoptera","Insecta"
"Oeneis_glacialis","Oeneis","Satyrini","Satyrinae","Nymphalidae","Lepidoptera","Insecta"
"Arethusana_arethusa","Arethusana","Satyrini","Satyrinae","Nymphalidae","Lepidoptera","Insecta"
"Minois_dryas","Minois","Satyrini","Satyrinae","Nymphalidae","Lepidoptera","Insecta"
"Brintesia_circe","Brintesia","Satyrini","Satyrinae","Nymphalidae","Lepidoptera","Insecta"
"Satyrus_ferula","Satyrus","Satyrini","Satyrinae","Nymphalidae","Lepidoptera","Insecta"
"Satyrus_actaea","Satyrus","Satyrini","Satyrinae","Nymphalidae","Lepidoptera","Insecta"
"Satyrus_virbius","Satyrus","Satyrini","Satyrinae","Nymphalidae","Lepidoptera","Insecta"
"Chazara_briseis","Chazara","Satyrini","Satyrinae","Nymphalidae","Lepidoptera","Insecta"
"Chazara_persephone","Chazara","Satyrini","Satyrinae","Nymphalidae","Lepidoptera","Insecta"
"Chazara_prieuri","Chazara","Satyrini","Satyrinae","Nymphalidae","Lepidoptera","Insecta"
"Pseudochazara_geyeri","Pseudochazara","Satyrini","Satyrinae","Nymphalidae","Lepidoptera","Insecta"
"Pseudochazara_graeca","Pseudochazara","Satyrini","Satyrinae","Nymphalidae","Lepidoptera","Insecta"
"Pseudochazara_amymone","Pseudochazara","Satyrini","Satyrinae","Nymphalidae","Lepidoptera","Insecta"
"Pseudochazara_anthelea","Pseudochazara","Satyrini","Satyrinae","Nymphalidae","Lepidoptera","Insecta"
"Pseudochazara_amalthea","Pseudochazara","Satyrini","Satyrinae","Nymphalidae","Lepidoptera","Insecta"
"Pseudochazara_cingovskii","Pseudochazara","Satyrini","Satyrinae","Nymphalidae","Lepidoptera","Insecta"
"Pseudochazara_orestes","Pseudochazara","Satyrini","Satyrinae","Nymphalidae","Lepidoptera","Insecta"
"Pseudochazara_tisiphone","Pseudochazara","Satyrini","Satyrinae","Nymphalidae","Lepidoptera","Insecta"
"Pseudochazara_euxina","Pseudochazara","Satyrini","Satyrinae","Nymphalidae","Lepidoptera","Insecta"
"Pseudochazara_williamsi","Pseudochazara","Satyrini","Satyrinae","Nymphalidae","Lepidoptera","Insecta"
"Pseudochazara_mercurius","Pseudochazara","Satyrini","Satyrinae","Nymphalidae","Lepidoptera","Insecta"
"Hipparchia_statilinus","Hipparchia","Satyrini","Satyrinae","Nymphalidae","Lepidoptera","Insecta"
"Hipparchia_fatua","Hipparchia","Satyrini","Satyrinae","Nymphalidae","Lepidoptera","Insecta"
"Hipparchia_tamadabae","Hipparchia","Satyrini","Satyrinae","Nymphalidae","Lepidoptera","Insecta"
"Hipparchia_wyssii","Hipparchia","Satyrini","Satyrinae","Nymphalidae","Lepidoptera","Insecta"
"Hipparchia_tilosi","Hipparchia","Satyrini","Satyrinae","Nymphalidae","Lepidoptera","Insecta"
"Hipparchia_bacchus","Hipparchia","Satyrini","Satyrinae","Nymphalidae","Lepidoptera","Insecta"
"Hipparchia_fidia","Hipparchia","Satyrini","Satyrinae","Nymphalidae","Lepidoptera","Insecta"
"Hipparchia_gomera","Hipparchia","Satyrini","Satyrinae","Nymphalidae","Lepidoptera","Insecta"
"Hipparchia_neomiris","Hipparchia","Satyrini","Satyrinae","Nymphalidae","Lepidoptera","Insecta"
"Hipparchia_fagi","Hipparchia","Satyrini","Satyrinae","Nymphalidae","Lepidoptera","Insecta"
"Hipparchia_syriaca","Hipparchia","Satyrini","Satyrinae","Nymphalidae","Lepidoptera","Insecta"
"Hipparchia_autonoe","Hipparchia","Satyrini","Satyrinae","Nymphalidae","Lepidoptera","Insecta"
"Hipparchia_hermione","Hipparchia","Satyrini","Satyrinae","Nymphalidae","Lepidoptera","Insecta"
"Hipparchia_mersina","Hipparchia","Satyrini","Satyrinae","Nymphalidae","Lepidoptera","Insecta"
"Hipparchia_miguelensis","Hipparchia","Satyrini","Satyrinae","Nymphalidae","Lepidoptera","Insecta"
"Hipparchia_azorina","Hipparchia","Satyrini","Satyrinae","Nymphalidae","Lepidoptera","Insecta"
"Hipparchia_maderensis","Hipparchia","Satyrini","Satyrinae","Nymphalidae","Lepidoptera","Insecta"
"Hipparchia_senthes","Hipparchia","Satyrini","Satyrinae","Nymphalidae","Lepidoptera","Insecta"
"Hipparchia_aristaeus","Hipparchia","Satyrini","Satyrinae","Nymphalidae","Lepidoptera","Insecta"
"Hipparchia_neapolitana","Hipparchia","Satyrini","Satyrinae","Nymphalidae","Lepidoptera","Insecta"
"Hipparchia_blachieri","Hipparchia","Satyrini","Satyrinae","Nymphalidae","Lepidoptera","Insecta"
"Hipparchia_volgensis","Hipparchia","Satyrini","Satyrinae","Nymphalidae","Lepidoptera","Insecta"
"Hipparchia_semele","Hipparchia","Satyrini","Satyrinae","Nymphalidae","Lepidoptera","Insecta"
"Hipparchia_leighebi","Hipparchia","Satyrini","Satyrinae","Nymphalidae","Lepidoptera","Insecta"
"Hipparchia_pellucida","Hipparchia","Satyrini","Satyrinae","Nymphalidae","Lepidoptera","Insecta"
"Hipparchia_cretica","Hipparchia","Satyrini","Satyrinae","Nymphalidae","Lepidoptera","Insecta"
"Hipparchia_christenseni","Hipparchia","Satyrini","Satyrinae","Nymphalidae","Lepidoptera","Insecta"
"Hipparchia_cypriensis","Hipparchia","Satyrini","Satyrinae","Nymphalidae","Lepidoptera","Insecta"
"Hipparchia_sbordonii","Hipparchia","Satyrini","Satyrinae","Nymphalidae","Lepidoptera","Insecta"
"Hyponephele_huebneri","Hyponephele","Satyrini","Satyrinae","Nymphalidae","Lepidoptera","Insecta"
"Hyponephele_lupina","Hyponephele","Satyrini","Satyrinae","Nymphalidae","Lepidoptera","Insecta"
"Hyponephele_lycaon","Hyponephele","Satyrini","Satyrinae","Nymphalidae","Lepidoptera","Insecta"
"Pyronia_bathseba","Pyronia","Satyrini","Satyrinae","Nymphalidae","Lepidoptera","Insecta"
"Aphantopus_hyperantus","Aphantopus","Satyrini","Satyrinae","Nymphalidae","Lepidoptera","Insecta"
"Pyronia_tithonus","Pyronia","Satyrini","Satyrinae","Nymphalidae","Lepidoptera","Insecta"
"Pyronia_cecilia","Pyronia","Satyrini","Satyrinae","Nymphalidae","Lepidoptera","Insecta"
"Maniola_cypricola","Maniola","Satyrini","Satyrinae","Nymphalidae","Lepidoptera","Insecta"
"Maniola_halicarnassus","Maniola","Satyrini","Satyrinae","Nymphalidae","Lepidoptera","Insecta"
"Maniola_telmessia","Maniola","Satyrini","Satyrinae","Nymphalidae","Lepidoptera","Insecta"
"Maniola_jurtina","Maniola","Satyrini","Satyrinae","Nymphalidae","Lepidoptera","Insecta"
"Maniola_chia","Maniola","Satyrini","Satyrinae","Nymphalidae","Lepidoptera","Insecta"
"Maniola_nurag","Maniola","Satyrini","Satyrinae","Nymphalidae","Lepidoptera","Insecta"
"Maniola_megala","Maniola","Satyrini","Satyrinae","Nymphalidae","Lepidoptera","Insecta"
"Erebia_edda","Erebia","Erebiini","Satyrinae","Nymphalidae","Lepidoptera","Insecta"
"Erebia_fasciata","Erebia","Erebiini","Satyrinae","Nymphalidae","Lepidoptera","Insecta"
"Erebia_discoidalis","Erebia","Erebiini","Satyrinae","Nymphalidae","Lepidoptera","Insecta"
"Erebia_rossii","Erebia","Erebiini","Satyrinae","Nymphalidae","Lepidoptera","Insecta"
"Erebia_cyclopius","Erebia","Erebiini","Satyrinae","Nymphalidae","Lepidoptera","Insecta"
"Erebia_embla","Erebia","Erebiini","Satyrinae","Nymphalidae","Lepidoptera","Insecta"
"Erebia_disa","Erebia","Erebiini","Satyrinae","Nymphalidae","Lepidoptera","Insecta"
"Erebia_epistygne","Erebia","Erebiini","Satyrinae","Nymphalidae","Lepidoptera","Insecta"
"Erebia_ottomana","Erebia","Erebiini","Satyrinae","Nymphalidae","Lepidoptera","Insecta"
"Erebia_callias","Erebia","Erebiini","Satyrinae","Nymphalidae","Lepidoptera","Insecta"
"Erebia_rondoui","Erebia","Erebiini","Satyrinae","Nymphalidae","Lepidoptera","Insecta"
"Erebia_hispania","Erebia","Erebiini","Satyrinae","Nymphalidae","Lepidoptera","Insecta"
"Erebia_nivalis","Erebia","Erebiini","Satyrinae","Nymphalidae","Lepidoptera","Insecta"
"Erebia_calcarius","Erebia","Erebiini","Satyrinae","Nymphalidae","Lepidoptera","Insecta"
"Erebia_tyndarus","Erebia","Erebiini","Satyrinae","Nymphalidae","Lepidoptera","Insecta"
"Erebia_arvernensis","Erebia","Erebiini","Satyrinae","Nymphalidae","Lepidoptera","Insecta"
"Erebia_cassioides","Erebia","Erebiini","Satyrinae","Nymphalidae","Lepidoptera","Insecta"
"Erebia_neleus","Erebia","Erebiini","Satyrinae","Nymphalidae","Lepidoptera","Insecta"
"Erebia_claudina","Erebia","Erebiini","Satyrinae","Nymphalidae","Lepidoptera","Insecta"
"Erebia_christi","Erebia","Erebiini","Satyrinae","Nymphalidae","Lepidoptera","Insecta"
"Erebia_pharte","Erebia","Erebiini","Satyrinae","Nymphalidae","Lepidoptera","Insecta"
"Erebia_epiphron","Erebia","Erebiini","Satyrinae","Nymphalidae","Lepidoptera","Insecta"
"Erebia_orientalis","Erebia","Erebiini","Satyrinae","Nymphalidae","Lepidoptera","Insecta"
"Erebia_jeniseiensis","Erebia","Erebiini","Satyrinae","Nymphalidae","Lepidoptera","Insecta"
"Erebia_dabanensis","Erebia","Erebiini","Satyrinae","Nymphalidae","Lepidoptera","Insecta"
"Erebia_meolans","Erebia","Erebiini","Satyrinae","Nymphalidae","Lepidoptera","Insecta"
"Erebia_palarica","Erebia","Erebiini","Satyrinae","Nymphalidae","Lepidoptera","Insecta"
"Erebia_albergana","Erebia","Erebiini","Satyrinae","Nymphalidae","Lepidoptera","Insecta"
"Erebia_triarius","Erebia","Erebiini","Satyrinae","Nymphalidae","Lepidoptera","Insecta"
"Erebia_polaris","Erebia","Erebiini","Satyrinae","Nymphalidae","Lepidoptera","Insecta"
"Erebia_medusa","Erebia","Erebiini","Satyrinae","Nymphalidae","Lepidoptera","Insecta"
"Erebia_aethiops","Erebia","Erebiini","Satyrinae","Nymphalidae","Lepidoptera","Insecta"
"Erebia_pandrose","Erebia","Erebiini","Satyrinae","Nymphalidae","Lepidoptera","Insecta"
"Erebia_sthennyo","Erebia","Erebiini","Satyrinae","Nymphalidae","Lepidoptera","Insecta"
"Erebia_flavofasciata","Erebia","Erebiini","Satyrinae","Nymphalidae","Lepidoptera","Insecta"
"Erebia_gorge","Erebia","Erebiini","Satyrinae","Nymphalidae","Lepidoptera","Insecta"
"Erebia_pluto","Erebia","Erebiini","Satyrinae","Nymphalidae","Lepidoptera","Insecta"
"Erebia_sudetica","Erebia","Erebiini","Satyrinae","Nymphalidae","Lepidoptera","Insecta"
"Erebia_melampus","Erebia","Erebiini","Satyrinae","Nymphalidae","Lepidoptera","Insecta"
"Erebia_manto","Erebia","Erebiini","Satyrinae","Nymphalidae","Lepidoptera","Insecta"
"Erebia_eriphyle","Erebia","Erebiini","Satyrinae","Nymphalidae","Lepidoptera","Insecta"
"Erebia_euryale","Erebia","Erebiini","Satyrinae","Nymphalidae","Lepidoptera","Insecta"
"Erebia_ligea","Erebia","Erebiini","Satyrinae","Nymphalidae","Lepidoptera","Insecta"
"Erebia_oeme","Erebia","Erebiini","Satyrinae","Nymphalidae","Lepidoptera","Insecta"
"Erebia_gorgone","Erebia","Erebiini","Satyrinae","Nymphalidae","Lepidoptera","Insecta"
"Erebia_aethiopella","Erebia","Erebiini","Satyrinae","Nymphalidae","Lepidoptera","Insecta"
"Erebia_mnestra","Erebia","Erebiini","Satyrinae","Nymphalidae","Lepidoptera","Insecta"
"Erebia_rhodopensis","Erebia","Erebiini","Satyrinae","Nymphalidae","Lepidoptera","Insecta"
"Erebia_scipio","Erebia","Erebiini","Satyrinae","Nymphalidae","Lepidoptera","Insecta"
"Erebia_melas","Erebia","Erebiini","Satyrinae","Nymphalidae","Lepidoptera","Insecta"
"Erebia_pronoe","Erebia","Erebiini","Satyrinae","Nymphalidae","Lepidoptera","Insecta"
"Erebia_lefebvrei","Erebia","Erebiini","Satyrinae","Nymphalidae","Lepidoptera","Insecta"
"Erebia_zapateri","Erebia","Erebiini","Satyrinae","Nymphalidae","Lepidoptera","Insecta"
"Erebia_neoridas","Erebia","Erebiini","Satyrinae","Nymphalidae","Lepidoptera","Insecta"
"Erebia_montana","Erebia","Erebiini","Satyrinae","Nymphalidae","Lepidoptera","Insecta"
"Erebia_stiria","Erebia","Erebiini","Satyrinae","Nymphalidae","Lepidoptera","Insecta"
"Erebia_styx","Erebia","Erebiini","Satyrinae","Nymphalidae","Lepidoptera","Insecta"
