"taxon","genus","tribe","subfamily","family","order","class"
"Perodicticus_potto","Perodicticus",,,"Lorisidae","Primates","Mammalia"
"Arctocebus_calabarensis","Arctocebus",,,"Lorisidae","Primates","Mammalia"
"Nycticebus_pygmaeus","Nycticebus",,,"Lorisidae","Primates","Mammalia"
"Nycticebus_javanicus","Nycticebus",,,"Lorisidae","Primates","Mammalia"
"Nycticebus_coucang","Nycticebus",,,"Lorisidae","Primates","Mammalia"
"Nycticebus_bengalensis","Nycticebus",,,"Lorisidae","Primates","Mammalia"
"Nycticebus_menagensis","Nycticebus",,,"Lorisidae","Primates","Mammalia"
"Loris_tardigradus","Loris",,,"Lorisidae","Primates","Mammalia"
"Loris_lydekkerianus","Loris",,,"Lorisidae","Primates","Mammalia"
"Galagoides_thomasi","Galagoides",,,"Galagidae","Primates","Mammalia"
"Galagoides_demidovii","Galagoides",,,"Galagidae","Primates","Mammalia"
"Sciurocheirus_gabonensis","Sciurocheirus",,,,,
"Sciurocheirus_alleni","Sciurocheirus",,,,,
"Otolemur_garnettii","Otolemur",,,"Galagidae","Primates","Mammalia"
"Otolemur_crassicaudatus","Otolemur",,,"Galagidae","Primates","Mammalia"
"Galagoides_zanzibaricus","Galagoides",,,"Galagidae","Primates","Mammalia"
"Galagoides_granti","Galagoides",,,"Galagidae","Primates","Mammalia"
"Galagoides_cocos","Galagoides",,,"Galagidae","Primates","Mammalia"
"Galago_matschiei","Galago",,,"Galagidae","Primates","Mammalia"
"Galago_moholi","Galago",,,"Galagidae","Primates","Mammalia"
"Galago_gallarum","Galago",,,"Galagidae","Primates","Mammalia"
"Galago_senegalensis","Galago",,,"Galagidae","Primates","Mammalia"
"Euoticus_elegantulus","Euoticus",,,"Galagidae","Primates","Mammalia"
"Daubentonia_madagascariensis","Daubentonia",,,"Daubentoniidae","Primates","Mammalia"
"Megaladapis_edwardsi","Megaladapis",,,"Lepilemuridae","Primates","Mammalia"
"Varecia_variegata","Varecia",,,"Lemuridae","Primates","Mammalia"
"Varecia_rubra","Varecia",,,"Lemuridae","Primates","Mammalia"
"Prolemur_simus","Prolemur",,,"Lemuridae","Primates","Mammalia"
"Lemur_catta","Lemur",,,"Lemuridae","Primates","Mammalia"
"Hapalemur_aureus","Hapalemur",,,"Lemuridae","Primates","Mammalia"
"Hapalemur_griseus","Hapalemur",,,"Lemuridae","Primates","Mammalia"
"Hapalemur_occidentalis","Hapalemur",,,"Lemuridae","Primates","Mammalia"
"Hapalemur_alaotrensis","Hapalemur",,,"Lemuridae","Primates","Mammalia"
"Eulemur_rubriventer","Eulemur",,,"Lemuridae","Primates","Mammalia"
"Eulemur_mongoz","Eulemur",,,"Lemuridae","Primates","Mammalia"
"Eulemur_coronatus","Eulemur",,,"Lemuridae","Primates","Mammalia"
"Eulemur_collaris","Eulemur",,,"Lemuridae","Primates","Mammalia"
"Eulemur_cinereiceps","Eulemur",,,"Lemuridae","Primates","Mammalia"
"Eulemur_fulvus","Eulemur",,,"Lemuridae","Primates","Mammalia"
"Eulemur_sanfordi","Eulemur",,,"Lemuridae","Primates","Mammalia"
"Eulemur_albifrons","Eulemur",,,"Lemuridae","Primates","Mammalia"
"Eulemur_rufifrons","Eulemur",,,"Lemuridae","Primates","Mammalia"
"Eulemur_rufus","Eulemur",,,"Lemuridae","Primates","Mammalia"
"Eulemur_macaco","Eulemur",,,"Lemuridae","Primates","Mammalia"
"Eulemur_flavifrons","Eulemur",,,"Lemuridae","Primates","Mammalia"
"Cheirogaleus_sibreei","Cheirogaleus",,,"Cheirogaleidae","Primates","Mammalia"
"Cheirogaleus_major","Cheirogaleus",,,"Cheirogaleidae","Primates","Mammalia"
"Cheirogaleus_lavasoensis","Cheirogaleus",,,"Cheirogaleidae","Primates","Mammalia"
"Cheirogaleus_crossleyi","Cheirogaleus",,,"Cheirogaleidae","Primates","Mammalia"
"Cheirogaleus_medius","Cheirogaleus",,,"Cheirogaleidae","Primates","Mammalia"
"Allocebus_trichotis","Allocebus",,,"Cheirogaleidae","Primates","Mammalia"
"Mirza_zaza","Mirza",,,"Cheirogaleidae","Primates","Mammalia"
"Mirza_coquereli","Mirza",,,"Cheirogaleidae","Primates","Mammalia"
"Microcebus_murinus","Microcebus",,,"Cheirogaleidae","Primates","Mammalia"
"Microcebus_griseorufus","Microcebus",,,"Cheirogaleidae","Primates","Mammalia"
"Microcebus_tavaratra","Microcebus",,,"Cheirogaleidae","Primates","Mammalia"
"Microcebus_tanosi","Microcebus",,,"Cheirogaleidae","Primates","Mammalia"
"Microcebus_sambiranensis","Microcebus",,,"Cheirogaleidae","Primates","Mammalia"
"Microcebus_mittermeieri","Microcebus",,,"Cheirogaleidae","Primates","Mammalia"
"Microcebus_myoxinus","Microcebus",,,"Cheirogaleidae","Primates","Mammalia"
"Microcebus_berthae","Microcebus",,,"Cheirogaleidae","Primates","Mammalia"
"Microcebus_simmonsi","Microcebus",,,"Cheirogaleidae","Primates","Mammalia"
"Microcebus_rufus","Microcebus",,,"Cheirogaleidae","Primates","Mammalia"
"Microcebus_lehilahytsara","Microcebus",,,"Cheirogaleidae","Primates","Mammalia"
"Microcebus_marohita","Microcebus",,,"Cheirogaleidae","Primates","Mammalia"
"Microcebus_gerpi","Microcebus",,,"Cheirogaleidae","Primates","Mammalia"
"Microcebus_ravelobensis","Microcebus",,,"Cheirogaleidae","Primates","Mammalia"
"Microcebus_bongolavensis","Microcebus",,,"Cheirogaleidae","Primates","Mammalia"
"Microcebus_macarthurii","Microcebus",,,"Cheirogaleidae","Primates","Mammalia"
"Lepilemur_mustelinus","Lepilemur",,,"Lepilemuridae","Primates","Mammalia"
"Lepilemur_jamesorum","Lepilemur",,,"Lepilemuridae","Primates","Mammalia"
"Lepilemur_leucopus","Lepilemur",,,"Lepilemuridae","Primates","Mammalia"
"Lepilemur_ruficaudatus","Lepilemur",,,"Lepilemuridae","Primates","Mammalia"
"Lepilemur_hubbardorum","Lepilemur",,,"Lepilemuridae","Primates","Mammalia"
"Lepilemur_randrianasoloi","Lepilemur",,,"Lepilemuridae","Primates","Mammalia"
"Lepilemur_aeeclis","Lepilemur",,,"Lepilemuridae","Primates","Mammalia"
"Lepilemur_microdon","Lepilemur",,,"Lepilemuridae","Primates","Mammalia"
"Lepilemur_edwardsi","Lepilemur",,,"Lepilemuridae","Primates","Mammalia"
"Lepilemur_grewcockorum","Lepilemur",,,"Lepilemuridae","Primates","Mammalia"
"Lepilemur_otto","Lepilemur",,,"Lepilemuridae","Primates","Mammalia"
"Lepilemur_septentrionalis","Lepilemur",,,"Lepilemuridae","Primates","Mammalia"
"Lepilemur_sahamalazensis","Lepilemur",,,"Lepilemuridae","Primates","Mammalia"
"Lepilemur_dorsalis","Lepilemur",,,"Lepilemuridae","Primates","Mammalia"
"Lepilemur_ankaranensis","Lepilemur",,,"Lepilemuridae","Primates","Mammalia"
"Lepilemur_mittermeieri","Lepilemur",,,"Lepilemuridae","Primates","Mammalia"
"Propithecus_diadema","Propithecus",,,"Indriidae","Primates","Mammalia"
"Propithecus_edwardsi","Propithecus",,,"Indriidae","Primates","Mammalia"
"Propithecus_perrieri","Propithecus",,,"Indriidae","Primates","Mammalia"
"Propithecus_tattersalli","Propithecus",,,"Indriidae","Primates","Mammalia"
"Propithecus_verreauxi","Propithecus",,,"Indriidae","Primates","Mammalia"
"Propithecus_deckenii","Propithecus",,,"Indriidae","Primates","Mammalia"
"Propithecus_coquereli","Propithecus",,,"Indriidae","Primates","Mammalia"
"Avahi_laniger","Avahi",,,"Indriidae","Primates","Mammalia"
"Avahi_occidentalis","Avahi",,,"Indriidae","Primates","Mammalia"
"Avahi_cleesei","Avahi",,,"Indriidae","Primates","Mammalia"
"Indri_indri","Indri",,,"Indriidae","Primates","Mammalia"
"Archaeolemur_majori","Archaeolemur",,,"Indriidae","Primates","Mammalia"
"Phaner_furcifer","Phaner",,,"Cheirogaleidae","Primates","Mammalia"
"Palaeopropithecus_ingens","Palaeopropithecus",,,"Paleopropithecidae","Primates","Mammalia"
"Tarsius_syrichta","Tarsius",,,"Tarsiidae","Primates","Mammalia"
"Tarsius_bancanus","Tarsius",,,"Tarsiidae","Primates","Mammalia"
"Tarsius_dentatus","Tarsius",,,"Tarsiidae","Primates","Mammalia"
"Tarsius_tarsier","Tarsius",,,"Tarsiidae","Primates","Mammalia"
"Tarsius_lariang","Tarsius",,,"Tarsiidae","Primates","Mammalia"
"Tarsius_wallacei","Tarsius",,,"Tarsiidae","Primates","Mammalia"
"Aotus_trivirgatus","Aotus",,,"Aotidae","Primates","Mammalia"
"Aotus_nigriceps","Aotus",,,"Aotidae","Primates","Mammalia"
"Aotus_azarae","Aotus",,,"Aotidae","Primates","Mammalia"
"Aotus_nancymaae","Aotus",,,"Aotidae","Primates","Mammalia"
"Aotus_lemurinus","Aotus",,,"Aotidae","Primates","Mammalia"
"Aotus_griseimembra","Aotus",,,"Aotidae","Primates","Mammalia"
"Aotus_vociferans","Aotus",,,"Aotidae","Primates","Mammalia"
"Aotus_zonalis","Aotus",,,"Aotidae","Primates","Mammalia"
"Saguinus_labiatus","Saguinus",,"Callitrichinae","Cebidae","Primates","Mammalia"
"Saguinus_mystax","Saguinus",,"Callitrichinae","Cebidae","Primates","Mammalia"
"Saguinus_inustus","Saguinus",,"Callitrichinae","Cebidae","Primates","Mammalia"
"Saguinus_imperator","Saguinus",,"Callitrichinae","Cebidae","Primates","Mammalia"
"Saguinus_niger","Saguinus",,"Callitrichinae","Cebidae","Primates","Mammalia"
"Saguinus_midas","Saguinus",,"Callitrichinae","Cebidae","Primates","Mammalia"
"Saguinus_oedipus","Saguinus",,"Callitrichinae","Cebidae","Primates","Mammalia"
"Saguinus_geoffroyi","Saguinus",,"Callitrichinae","Cebidae","Primates","Mammalia"
"Saguinus_martinsi","Saguinus",,"Callitrichinae","Cebidae","Primates","Mammalia"
"Saguinus_bicolor","Saguinus",,"Callitrichinae","Cebidae","Primates","Mammalia"
"Leontocebus_leucogenys","Leontocebus",,"Callitrichinae","Cebidae","Primates","Mammalia"
"Leontocebus_illigeri","Leontocebus",,"Callitrichinae","Cebidae","Primates","Mammalia"
"Leontocebus_lagonotus","Leontocebus",,"Callitrichinae","Cebidae","Primates","Mammalia"
"Leontocebus_tripartitus","Leontocebus",,"Callitrichinae","Cebidae","Primates","Mammalia"
"Leontocebus_nigricollis","Leontocebus",,"Callitrichinae","Cebidae","Primates","Mammalia"
"Leontocebus_cruzlimai","Leontocebus",,"Callitrichinae","Cebidae","Primates","Mammalia"
"Leontocebus_weddelli","Leontocebus",,"Callitrichinae","Cebidae","Primates","Mammalia"
"Leontocebus_nigrifrons","Leontocebus",,"Callitrichinae","Cebidae","Primates","Mammalia"
"Leontocebus_fuscicollis","Leontocebus",,"Callitrichinae","Cebidae","Primates","Mammalia"
"Leontopithecus_rosalia","Leontopithecus",,"Callitrichinae","Cebidae","Primates","Mammalia"
"Leontopithecus_chrysomelas","Leontopithecus",,"Callitrichinae","Cebidae","Primates","Mammalia"
"Callithrix_penicillata","Callithrix",,"Callitrichinae","Cebidae","Primates","Mammalia"
"Callithrix_jacchus","Callithrix",,"Callitrichinae","Cebidae","Primates","Mammalia"
"Callithrix_geoffroyi","Callithrix",,"Callitrichinae","Cebidae","Primates","Mammalia"
"Callithrix_kuhlii","Callithrix",,"Callitrichinae","Cebidae","Primates","Mammalia"
"Callithrix_aurita","Callithrix",,"Callitrichinae","Cebidae","Primates","Mammalia"
"Mico_melanurus","Mico",,"Callitrichinae","Cebidae","Primates","Mammalia"
"Cebuella_pygmaea","Cebuella",,"Callitrichinae","Cebidae","Primates","Mammalia"
"Mico_humeralifer","Mico",,"Callitrichinae","Cebidae","Primates","Mammalia"
"Mico_argentatus","Mico",,"Callitrichinae","Cebidae","Primates","Mammalia"
"Mico_mauesi","Mico",,"Callitrichinae","Cebidae","Primates","Mammalia"
"Callimico_goeldii","Callimico",,"Callitrichinae","Cebidae","Primates","Mammalia"
"Saimiri_boliviensis","Saimiri",,"Saimiriinae","Cebidae","Primates","Mammalia"
"Saimiri_oerstedii","Saimiri",,"Saimiriinae","Cebidae","Primates","Mammalia"
"Saimiri_ustus","Saimiri",,"Saimiriinae","Cebidae","Primates","Mammalia"
"Saimiri_vanzolinii","Saimiri",,"Saimiriinae","Cebidae","Primates","Mammalia"
"Saimiri_sciureus","Saimiri",,"Saimiriinae","Cebidae","Primates","Mammalia"
"Sapajus_xanthosternos","Sapajus",,"Cebinae","Cebidae","Primates","Mammalia"
"Sapajus_nigritus","Sapajus",,"Cebinae","Cebidae","Primates","Mammalia"
"Sapajus_macrocephalus","Sapajus",,"Cebinae","Cebidae","Primates","Mammalia"
"Sapajus_libidinosus","Sapajus",,"Cebinae","Cebidae","Primates","Mammalia"
"Sapajus_flavius","Sapajus",,"Cebinae","Cebidae","Primates","Mammalia"
"Sapajus_apella","Sapajus",,"Cebinae","Cebidae","Primates","Mammalia"
"Sapajus_robustus","Sapajus",,"Cebinae","Cebidae","Primates","Mammalia"
"Cebus_albifrons","Cebus",,"Cebinae","Cebidae","Primates","Mammalia"
"Cebus_capucinus","Cebus",,"Cebinae","Cebidae","Primates","Mammalia"
"Cebus_olivaceus","Cebus",,"Cebinae","Cebidae","Primates","Mammalia"
"Lagothrix_lagotricha","Lagothrix",,"Atelinae","Atelidae","Primates","Mammalia"
"Lagothrix_cana","Lagothrix",,"Atelinae","Atelidae","Primates","Mammalia"
"Brachyteles_hypoxanthus","Brachyteles",,"Atelinae","Atelidae","Primates","Mammalia"
"Brachyteles_arachnoides","Brachyteles",,"Atelinae","Atelidae","Primates","Mammalia"
"Ateles_hybridus","Ateles",,"Atelinae","Atelidae","Primates","Mammalia"
"Ateles_paniscus","Ateles",,"Atelinae","Atelidae","Primates","Mammalia"
"Ateles_marginatus","Ateles",,"Atelinae","Atelidae","Primates","Mammalia"
"Ateles_belzebuth","Ateles",,"Atelinae","Atelidae","Primates","Mammalia"
"Ateles_chamek","Ateles",,"Atelinae","Atelidae","Primates","Mammalia"
"Ateles_geoffroyi","Ateles",,"Atelinae","Atelidae","Primates","Mammalia"
"Ateles_fusciceps","Ateles",,"Atelinae","Atelidae","Primates","Mammalia"
"Alouatta_pigra","Alouatta",,"Alouattinae","Atelidae","Primates","Mammalia"
"Alouatta_palliata","Alouatta",,"Alouattinae","Atelidae","Primates","Mammalia"
"Alouatta_belzebul","Alouatta",,"Alouattinae","Atelidae","Primates","Mammalia"
"Alouatta_caraya","Alouatta",,"Alouattinae","Atelidae","Primates","Mammalia"
"Alouatta_guariba","Alouatta",,"Alouattinae","Atelidae","Primates","Mammalia"
"Alouatta_sara","Alouatta",,"Alouattinae","Atelidae","Primates","Mammalia"
"Alouatta_seniculus","Alouatta",,"Alouattinae","Atelidae","Primates","Mammalia"
"Alouatta_macconnelli","Alouatta",,"Alouattinae","Atelidae","Primates","Mammalia"
"Callicebus_brunneus","Callicebus",,"Callicebinae","Pitheciidae","Primates","Mammalia"
"Callicebus_torquatus","Callicebus",,"Callicebinae","Pitheciidae","Primates","Mammalia"
"Callicebus_purinus","Callicebus",,"Callicebinae","Pitheciidae","Primates","Mammalia"
"Callicebus_lugens","Callicebus",,"Callicebinae","Pitheciidae","Primates","Mammalia"
"Callicebus_nigrifrons","Callicebus",,"Callicebinae","Pitheciidae","Primates","Mammalia"
"Callicebus_personatus","Callicebus",,"Callicebinae","Pitheciidae","Primates","Mammalia"
"Callicebus_coimbrai","Callicebus",,"Callicebinae","Pitheciidae","Primates","Mammalia"
"Callicebus_donacophilus","Callicebus",,"Callicebinae","Pitheciidae","Primates","Mammalia"
"Callicebus_caligatus","Callicebus",,"Callicebinae","Pitheciidae","Primates","Mammalia"
"Callicebus_hoffmannsi","Callicebus",,"Callicebinae","Pitheciidae","Primates","Mammalia"
"Callicebus_cupreus","Callicebus",,"Callicebinae","Pitheciidae","Primates","Mammalia"
"Callicebus_moloch","Callicebus",,"Callicebinae","Pitheciidae","Primates","Mammalia"
"Pithecia_pithecia","Pithecia",,"Pitheciinae","Pitheciidae","Primates","Mammalia"
"Pithecia_monachus","Pithecia",,"Pitheciinae","Pitheciidae","Primates","Mammalia"
"Pithecia_irrorata","Pithecia",,"Pitheciinae","Pitheciidae","Primates","Mammalia"
"Chiropotes_utahickae","Chiropotes",,"Pitheciinae","Pitheciidae","Primates","Mammalia"
"Chiropotes_chiropotes","Chiropotes",,"Pitheciinae","Pitheciidae","Primates","Mammalia"
"Chiropotes_albinasus","Chiropotes",,"Pitheciinae","Pitheciidae","Primates","Mammalia"
"Cacajao_calvus","Cacajao",,"Pitheciinae","Pitheciidae","Primates","Mammalia"
"Cacajao_melanocephalus","Cacajao",,"Pitheciinae","Pitheciidae","Primates","Mammalia"
"Cacajao_hosomi","Cacajao",,"Pitheciinae","Pitheciidae","Primates","Mammalia"
"Cacajao_ayresi","Cacajao",,"Pitheciinae","Pitheciidae","Primates","Mammalia"
"Nomascus_nasutus","Nomascus",,,"Hylobatidae","Primates","Mammalia"
"Nomascus_hainanus","Nomascus",,,"Hylobatidae","Primates","Mammalia"
"Nomascus_siki","Nomascus",,,"Hylobatidae","Primates","Mammalia"
"Nomascus_leucogenys","Nomascus",,,"Hylobatidae","Primates","Mammalia"
"Nomascus_gabriellae","Nomascus",,,"Hylobatidae","Primates","Mammalia"
"Nomascus_concolor","Nomascus",,,"Hylobatidae","Primates","Mammalia"
"Hylobates_pileatus","Hylobates",,,"Hylobatidae","Primates","Mammalia"
"Hylobates_lar","Hylobates",,,"Hylobatidae","Primates","Mammalia"
"Hylobates_muelleri","Hylobates",,,"Hylobatidae","Primates","Mammalia"
"Hylobates_klossii","Hylobates",,,"Hylobatidae","Primates","Mammalia"
"Hylobates_moloch","Hylobates",,,"Hylobatidae","Primates","Mammalia"
"Hylobates_albibarbis","Hylobates",,,"Hylobatidae","Primates","Mammalia"
"Hylobates_agilis","Hylobates",,,"Hylobatidae","Primates","Mammalia"
"Symphalangus_syndactylus","Symphalangus",,,"Hylobatidae","Primates","Mammalia"
"Hoolock_leuconedys","Hoolock",,,"Hylobatidae","Primates","Mammalia"
"Hoolock_hoolock","Hoolock",,,"Hylobatidae","Primates","Mammalia"
"Pongo_pygmaeus","Pongo",,"Ponginae","Hominidae","Primates","Mammalia"
"Pongo_abelii","Pongo",,"Ponginae","Hominidae","Primates","Mammalia"
"Pan_troglodytes","Pan",,"Homininae","Hominidae","Primates","Mammalia"
"Pan_paniscus","Pan",,"Homininae","Hominidae","Primates","Mammalia"
"Homo_heidelbergensis","Homo",,"Homininae","Hominidae","Primates","Mammalia"
"Homo_denisova","Homo",,"Homininae","Hominidae","Primates","Mammalia"
"Homo_neanderthalensis","Homo",,"Homininae","Hominidae","Primates","Mammalia"
"Homo_sapiens","Homo",,"Homininae","Hominidae","Primates","Mammalia"
"Gorilla_gorilla","Gorilla",,"Homininae","Hominidae","Primates","Mammalia"
"Gorilla_beringei","Gorilla",,"Homininae","Hominidae","Primates","Mammalia"
"Trachypithecus_shortridgei","Trachypithecus",,"Colobinae","Cercopithecidae","Primates","Mammalia"
"Trachypithecus_pileatus","Trachypithecus",,"Colobinae","Cercopithecidae","Primates","Mammalia"
"Trachypithecus_francoisi","Trachypithecus",,"Colobinae","Cercopithecidae","Primates","Mammalia"
"Trachypithecus_laotum","Trachypithecus",,"Colobinae","Cercopithecidae","Primates","Mammalia"
"Trachypithecus_hatinhensis","Trachypithecus",,"Colobinae","Cercopithecidae","Primates","Mammalia"
"Trachypithecus_poliocephalus","Trachypithecus",,"Colobinae","Cercopithecidae","Primates","Mammalia"
"Trachypithecus_delacouri","Trachypithecus",,"Colobinae","Cercopithecidae","Primates","Mammalia"
"Trachypithecus_phayrei","Trachypithecus",,"Colobinae","Cercopithecidae","Primates","Mammalia"
"Trachypithecus_obscurus","Trachypithecus",,"Colobinae","Cercopithecidae","Primates","Mammalia"
"Trachypithecus_barbei","Trachypithecus",,"Colobinae","Cercopithecidae","Primates","Mammalia"
"Trachypithecus_cristatus","Trachypithecus",,"Colobinae","Cercopithecidae","Primates","Mammalia"
"Trachypithecus_germaini","Trachypithecus",,"Colobinae","Cercopithecidae","Primates","Mammalia"
"Trachypithecus_auratus","Trachypithecus",,"Colobinae","Cercopithecidae","Primates","Mammalia"
"Trachypithecus_geei","Trachypithecus",,"Colobinae","Cercopithecidae","Primates","Mammalia"
"Trachypithecus_vetulus","Trachypithecus",,"Colobinae","Cercopithecidae","Primates","Mammalia"
"Semnopithecus_hector","Semnopithecus",,"Colobinae","Cercopithecidae","Primates","Mammalia"
"Semnopithecus_entellus","Semnopithecus",,"Colobinae","Cercopithecidae","Primates","Mammalia"
"Semnopithecus_hypoleucos","Semnopithecus",,"Colobinae","Cercopithecidae","Primates","Mammalia"
"Trachypithecus_johnii","Trachypithecus",,"Colobinae","Cercopithecidae","Primates","Mammalia"
"Semnopithecus_priam","Semnopithecus",,"Colobinae","Cercopithecidae","Primates","Mammalia"
"Presbytis_thomasi","Presbytis",,"Colobinae","Cercopithecidae","Primates","Mammalia"
"Presbytis_potenziani","Presbytis",,"Colobinae","Cercopithecidae","Primates","Mammalia"
"Presbytis_comata","Presbytis",,"Colobinae","Cercopithecidae","Primates","Mammalia"
"Presbytis_melalophos","Presbytis",,"Colobinae","Cercopithecidae","Primates","Mammalia"
"Presbytis_rubicunda","Presbytis",,"Colobinae","Cercopithecidae","Primates","Mammalia"
"Presbytis_chrysomelas","Presbytis",,"Colobinae","Cercopithecidae","Primates","Mammalia"
"Presbytis_frontata","Presbytis",,"Colobinae","Cercopithecidae","Primates","Mammalia"
"Rhinopithecus_strykeri","Rhinopithecus",,"Colobinae","Cercopithecidae","Primates","Mammalia"
"Rhinopithecus_bieti","Rhinopithecus",,"Colobinae","Cercopithecidae","Primates","Mammalia"
"Rhinopithecus_avunculus","Rhinopithecus",,"Colobinae","Cercopithecidae","Primates","Mammalia"
"Rhinopithecus_brelichi","Rhinopithecus",,"Colobinae","Cercopithecidae","Primates","Mammalia"
"Rhinopithecus_roxellana","Rhinopithecus",,"Colobinae","Cercopithecidae","Primates","Mammalia"
"Pygathrix_nemaeus","Pygathrix",,"Colobinae","Cercopithecidae","Primates","Mammalia"
"Pygathrix_cinerea","Pygathrix",,"Colobinae","Cercopithecidae","Primates","Mammalia"
"Pygathrix_nigripes","Pygathrix",,"Colobinae","Cercopithecidae","Primates","Mammalia"
"Simias_concolor","Simias",,"Colobinae","Cercopithecidae","Primates","Mammalia"
"Nasalis_larvatus","Nasalis",,"Colobinae","Cercopithecidae","Primates","Mammalia"
"Procolobus_verus","Procolobus",,"Colobinae","Cercopithecidae","Primates","Mammalia"
"Procolobus_badius","Procolobus",,"Colobinae","Cercopithecidae","Primates","Mammalia"
"Colobus_satanas","Colobus",,"Colobinae","Cercopithecidae","Primates","Mammalia"
"Colobus_polykomos","Colobus",,"Colobinae","Cercopithecidae","Primates","Mammalia"
"Colobus_guereza","Colobus",,"Colobinae","Cercopithecidae","Primates","Mammalia"
"Colobus_angolensis","Colobus",,"Colobinae","Cercopithecidae","Primates","Mammalia"
"Macaca_sylvanus","Macaca",,"Cercopithecinae","Cercopithecidae","Primates","Mammalia"
"Macaca_siberu","Macaca",,"Cercopithecinae","Cercopithecidae","Primates","Mammalia"
"Macaca_silenus","Macaca",,"Cercopithecinae","Cercopithecidae","Primates","Mammalia"
"Macaca_pagensis","Macaca",,"Cercopithecinae","Cercopithecidae","Primates","Mammalia"
"Macaca_nemestrina","Macaca",,"Cercopithecinae","Cercopithecidae","Primates","Mammalia"
"Macaca_leonina","Macaca",,"Cercopithecinae","Cercopithecidae","Primates","Mammalia"
"Macaca_hecki","Macaca",,"Cercopithecinae","Cercopithecidae","Primates","Mammalia"
"Macaca_maura","Macaca",,"Cercopithecinae","Cercopithecidae","Primates","Mammalia"
"Macaca_tonkeana","Macaca",,"Cercopithecinae","Cercopithecidae","Primates","Mammalia"
"Macaca_ochreata","Macaca",,"Cercopithecinae","Cercopithecidae","Primates","Mammalia"
"Macaca_nigrescens","Macaca",,"Cercopithecinae","Cercopithecidae","Primates","Mammalia"
"Macaca_fascicularis","Macaca",,"Cercopithecinae","Cercopithecidae","Primates","Mammalia"
"Macaca_cyclopis","Macaca",,"Cercopithecinae","Cercopithecidae","Primates","Mammalia"
"Macaca_fuscata","Macaca",,"Cercopithecinae","Cercopithecidae","Primates","Mammalia"
"Macaca_nigra","Macaca",,"Cercopithecinae","Cercopithecidae","Primates","Mammalia"
"Macaca_mulatta","Macaca",,"Cercopithecinae","Cercopithecidae","Primates","Mammalia"
"Macaca_arctoides","Macaca",,"Cercopithecinae","Cercopithecidae","Primates","Mammalia"
"Macaca_thibetana","Macaca",,"Cercopithecinae","Cercopithecidae","Primates","Mammalia"
"Macaca_assamensis","Macaca",,"Cercopithecinae","Cercopithecidae","Primates","Mammalia"
"Macaca_radiata","Macaca",,"Cercopithecinae","Cercopithecidae","Primates","Mammalia"
"Macaca_munzala","Macaca",,"Cercopithecinae","Cercopithecidae","Primates","Mammalia"
"Theropithecus_gelada","Theropithecus",,"Cercopithecinae","Cercopithecidae","Primates","Mammalia"
"Papio_papio","Papio",,"Cercopithecinae","Cercopithecidae","Primates","Mammalia"
"Papio_hamadryas","Papio",,"Cercopithecinae","Cercopithecidae","Primates","Mammalia"
"Rungwecebus_kipunji","Rungwecebus",,"Cercopithecinae","Cercopithecidae","Primates","Mammalia"
"Papio_anubis","Papio",,"Cercopithecinae","Cercopithecidae","Primates","Mammalia"
"Papio_cynocephalus","Papio",,"Cercopithecinae","Cercopithecidae","Primates","Mammalia"
"Papio_ursinus","Papio",,"Cercopithecinae","Cercopithecidae","Primates","Mammalia"
"Lophocebus_aterrimus","Lophocebus",,"Cercopithecinae","Cercopithecidae","Primates","Mammalia"
"Mandrillus_sphinx","Mandrillus",,"Cercopithecinae","Cercopithecidae","Primates","Mammalia"
"Mandrillus_leucophaeus","Mandrillus",,"Cercopithecinae","Cercopithecidae","Primates","Mammalia"
"Lophocebus_albigena","Lophocebus",,"Cercopithecinae","Cercopithecidae","Primates","Mammalia"
"Cercocebus_torquatus","Cercocebus",,"Cercopithecinae","Cercopithecidae","Primates","Mammalia"
"Cercocebus_atys","Cercocebus",,"Cercopithecinae","Cercopithecidae","Primates","Mammalia"
"Cercocebus_chrysogaster","Cercocebus",,"Cercopithecinae","Cercopithecidae","Primates","Mammalia"
"Cercocebus_agilis","Cercocebus",,"Cercopithecinae","Cercopithecidae","Primates","Mammalia"
"Cercopithecus_hamlyni","Cercopithecus",,"Cercopithecinae","Cercopithecidae","Primates","Mammalia"
"Cercopithecus_diana","Cercopithecus",,"Cercopithecinae","Cercopithecidae","Primates","Mammalia"
"Cercopithecus_neglectus","Cercopithecus",,"Cercopithecinae","Cercopithecidae","Primates","Mammalia"
"Cercopithecus_pogonias","Cercopithecus",,"Cercopithecinae","Cercopithecidae","Primates","Mammalia"
"Cercopithecus_mona","Cercopithecus",,"Cercopithecinae","Cercopithecidae","Primates","Mammalia"
"Cercopithecus_campbelli","Cercopithecus",,"Cercopithecinae","Cercopithecidae","Primates","Mammalia"
"Cercopithecus_nictitans","Cercopithecus",,"Cercopithecinae","Cercopithecidae","Primates","Mammalia"
"Cercopithecus_mitis","Cercopithecus",,"Cercopithecinae","Cercopithecidae","Primates","Mammalia"
"Cercopithecus_erythrotis","Cercopithecus",,"Cercopithecinae","Cercopithecidae","Primates","Mammalia"
"Cercopithecus_ascanius","Cercopithecus",,"Cercopithecinae","Cercopithecidae","Primates","Mammalia"
"Cercopithecus_petaurista","Cercopithecus",,"Cercopithecinae","Cercopithecidae","Primates","Mammalia"
"Cercopithecus_erythrogaster","Cercopithecus",,"Cercopithecinae","Cercopithecidae","Primates","Mammalia"
"Cercopithecus_cephus","Cercopithecus",,"Cercopithecinae","Cercopithecidae","Primates","Mammalia"
"Cercopithecus_preussi","Cercopithecus",,"Cercopithecinae","Cercopithecidae","Primates","Mammalia"
"Cercopithecus_lhoesti","Cercopithecus",,"Cercopithecinae","Cercopithecidae","Primates","Mammalia"
"Erythrocebus_patas","Erythrocebus",,"Cercopithecinae","Cercopithecidae","Primates","Mammalia"
"Cercopithecus_dryas","Cercopithecus",,"Cercopithecinae","Cercopithecidae","Primates","Mammalia"
"Chlorocebus_cynosuros","Chlorocebus",,"Cercopithecinae","Cercopithecidae","Primates","Mammalia"
"Chlorocebus_djamdjamensis","Chlorocebus",,"Cercopithecinae","Cercopithecidae","Primates","Mammalia"
"Chlorocebus_tantalus","Chlorocebus",,"Cercopithecinae","Cercopithecidae","Primates","Mammalia"
"Chlorocebus_aethiops","Chlorocebus",,"Cercopithecinae","Cercopithecidae","Primates","Mammalia"
"Chlorocebus_pygerythrus","Chlorocebus",,"Cercopithecinae","Cercopithecidae","Primates","Mammalia"
"Chlorocebus_sabaeus","Chlorocebus",,"Cercopithecinae","Cercopithecidae","Primates","Mammalia"
"Cercopithecus_solatus","Cercopithecus",,"Cercopithecinae","Cercopithecidae","Primates","Mammalia"
"Miopithecus_talapoin","Miopithecus",,"Cercopithecinae","Cercopithecidae","Primates","Mammalia"
"Miopithecus_ogouensis","Miopithecus",,"Cercopithecinae","Cercopithecidae","Primates","Mammalia"
"Allenopithecus_nigroviridis","Allenopithecus",,"Cercopithecinae","Cercopithecidae","Primates","Mammalia"
"Cynocephalus_volans","Cynocephalus",,,"Cynocephalidae","Dermoptera","Mammalia"
